{
    "coc.preferences.extensionUpdateCheck": "daily",
    "codeLens.enable": true,
    "signature.preferShownAbove": false,
    "suggest.noselect": true,
    "suggest.enablePreselect": false,
    "suggest.completionItemKindLabels": {
        "class"         : "\uf0e8",
        "color"         : "\ue22b",
        "constant"      : "\uf8fe",
        "default"       : "\uf29c",
        "enum"          : "\uf435",
        "enumMember"    : "\uf02b",
        "event"         : "\ufacd",
        "field"         : "\uf93d",
        "file"          : "\uf723",
        "folder"        : "\uf115",
        "function"      : "\u0192",
        "interface"     : "\uf417",
        "keyword"       : "\uf1de",
        "method"        : "\uf6a6",
        "module"        : "\uf40d",
        "operator"      : "\uf915",
        "property"      : "\ue624",
        "reference"     : "\ufa46",
        "snippet"       : "\ue60b",
        "struct"        : "\ufb44",
        "text"          : "\ue612",
        "typeParameter" : "\uf728",
        "unit"          : "\uf475",
        "value"         : "\uf89f",
        "variable"      : "\ue71b"
    },
    "diagnostic.errorSign"           : "\uf467",
    "diagnostic.warningSign"         : "\uf071",
    "diagnostic.infoSign"            : "\uf129",
    "diagnostic.hintSign"            : "\uf864",
    "diagnostic.displayByAle"        : false,
    "diagnostic.refreshOnInsertMode" : false,
    "diagnostic.checkCurrentLine"    : false,
    /* "diagnostic.virtualTextPrefix"   : " ❯❯❯ ", */
    "diagnostic.virtualTextPrefix"   : " ● ",
    "diagnostic.virtualText"         : true,
    /* "yank.enableCompletion": false */
    "session.saveOnVimLeave": false,
    "session.restartOnSessionLoad": false,

    "python.pythonPath": "C:/disk_1/Miniconda/envs/ml_dic/python.exe",
    "pyright.enable": true,
    /* "jedi.executable.command": "C:/disk_1/Miniconda/Scripts/jedi-language-server.exe", */
    /* "jedi.diagnostics.enable": false, */
    /* "jedi.enable": false, */

    "tabnine.binary_path":
    "c:/Users/79941/AppData/Roaming/Code/User/globalStorage/tabnine.tabnine-vscode/binaries/3.5.13/x86_64-pc-windows-gnu/TabNine.exe",

    "explorer.openAction.strategy": "select",
    "explorer.width": 40,
    "explorer.quitOnOpen": false,
    "explorer.sources": [
    {
            "name": "buffer",
            "expand": true
        },
        {
            "name": "file",
            "expand": true
        }
    ],
    "explorer.file.column.indent.indentLine" : false,
    "explorer.file.showHiddenFiles"          : true,
    "explorer.icon.enableNerdfont"           : true,
    "explorer.file.root.template"            : "[icon & 1] FILE [root] [fullpath]",
    "explorer.buffer.root.template"          : "[icon & 1] BUFFER",
    "explorer.buffer.tabOnly"                : false,
    "explorer.git.icon.status.ignored"       : "I",
    "explorer.git.icon.status.untracked"     : "u",
    "explorer.file.revealWhenOpen"           : true,
    "explorer.keyMappings.global": {
        "x": "systemExcute",
        "s": "gitStage",
        "u": "gitUnstage",
        "<space>s": ["wait", "reveal:select"]
    },

    "snippets.ultisnips.enable": true,
    "snippets.userSnippetsDirectory": "C:/Users/79941/AppData/Local/nvim/Ultisnips",

    "coc.preferences.colorSupport": true
    /* "languageserver": { */
    /*     "svls": { */
    /*         "command": "svls", */
    /*         "filetypes": ["verilog_systemverilog"] */
    /*     } */
    /* } */
}
